[
    {
        "name": "Tahir",
        "surname": "kayar",
        "email": "kayar@gmail.com",
        "phone": "05365236442",
        "room": "13",
        "visit_date": "2025-05-15T12:59:25.522668"
    },
    {
        "name": "Mario Enrique",
        "surname": "Motede Dasilva",
        "email": "mariomote45@gmail.com",
        "phone": "05365237442",
        "room": "28",
        "visit_date": "2025-05-15T13:03:15.577365"
    },
    {
        "name": "Baran",
        "surname": "Gazi Celik",
        "email": "gazicelik@gmail.com",
        "phone": "0555 169 20 43",
        "room": "45",
        "visit_date": "2025-05-15T15:10:34.029479"
    },
    {
        "name": "Clara Esmeralda",
        "surname": "Bonaho",
        "email": "mario@example.com",
        "phone": "05551691843",
        "room": "306",
        "visit_date": "2025-05-15T17:09:36.883531"
    },
    {
        "name": "Victor ",
        "surname": "Esono Nchama",
        "email": "vicesono22@gmail.com",
        "phone": "05449586574",
        "room": "25",
        "visit_date": "2025-05-16T18:53:50.031107"
    },
    {
        "name": "Maria",
        "surname": " Nchama Esono",
        "email": "maria22@gmail.com",
        "phone": "05551691865",
        "room": "22",
        "visit_date": "2025-05-20T19:05:43.480782"
    },
    {
        "name": "Julian",
        "surname": "Bakale Mba",
        "email": "julian@gmail.com",
        "phone": "05451691888",
        "room": "15",
        "visit_date": "2025-05-20T19:07:10.889084"
    },
    {
        "name": "Norberto",
        "surname": "Mabale Botala",
        "email": "norberto02@gmail.com",
        "phone": "05365237424",
        "room": "34",
        "visit_date": "2025-05-20T19:08:56.012157"
    },
    {
        "name": "EDITA ",
        "surname": "Ndong Eyang",
        "email": "edita11@gmail.com",
        "phone": "05551691898",
        "room": "11",
        "visit_date": "2025-05-20T19:10:07.127416"
    },
    {
        "name": "Remedios ",
        "surname": "Madiba Correa",
        "email": "remedios23@gmail.com",
        "phone": "05551691825",
        "room": "23",
        "visit_date": "2025-05-20T19:11:33.531080"
    },
    {
        "name": "Emir",
        "surname": "Kaynak",
        "email": "emir4@gmail.com",
        "phone": "05551691743",
        "room": "4",
        "visit_date": "2025-05-20T19:14:26.414962"
    },
    {
        "name": "Ali ",
        "surname": "Osman",
        "email": "aliosman@gmail.com",
        "phone": "05365237488",
        "room": "3",
        "visit_date": "2025-05-20T19:16:43.317393"
    },
    {
        "name": "Mehmet",
        "surname": "Irmak",
        "email": "mehmet@gmail.com",
        "phone": "05365237598",
        "room": "5",
        "visit_date": "2025-05-20T19:19:09.982495"
    }
]